<?xml version="1.0" encoding="UTF-8"?>
<customUI xmlns="http://schemas.microsoft.com/office/2006/01/customui" onLoad="OnRibbonLoad" loadImage="CallBackLoadImage">
    <ribbon startFromScratch="false">
        <officeMenu>
            <button idMso="FileCompactAndRepairDatabase" insertBeforeMso ="FileCloseDatabase" />
        </officeMenu>



        <tabs>

            <tab id="ProjectsTab" label="Projects" visible="true">
                <group id="ProjectGroup" label="All Projects">
                    <button id="ProjectByFundGroup_All_0" label="All Projects" imageMso="InsertTable" size="large" visible="true" tag="ProjectListF" onAction="ribOpenFormFiltered" supertip="All Projects"/>
                </group>

                <group id="ProjectByFundGroup" label="Projects by Fund">
                    <button id="ProjectByFundGroup_GCF_2" getEnabled="ControlEnabled" label="GCF Projects" image="gcf.bmp" size="large" visible="true" tag="ProjectListF" onAction="ribOpenFormFiltered" supertip="GCF Project List"/>
                    <button id="ProjectByFundGroup_GEF_3" getEnabled="ControlEnabled" label="GEF Projects" image="gef.bmp" size="large" visible="true" tag="ProjectListF" onAction="ribOpenFormFiltered" supertip="GEF Project List"/>
                    <button id="ProjectByFundGroup_AF_4" label="AF Projects" image="af.bmp" size="large" visible="true" tag="ProjectListF" onAction="ribOpenFormFiltered" supertip="AF Project List"/>
                </group>

<!--                 <group id="ProjectSearchGroup" label="Search Projets">
                    <labelControl id="myLabel1"  label="Search by Keywords:" />
                    <editBox id="txtSearch" getText="GetText" getEnabled="GetEnabled" label="hghg" onChange="SearchChanged" />
                     <button id="btnSearch" label="Show All" imageMso="ZoomPrintPreviewExcel" size="normal" visible="true" tag="LifecycleListF" onAction="ribOpenFormFiltered" supertip="GCF Lifecycle"/> 
                     <button id="btnShowAll" label="Show All" imageMso="ZoomPrintPreviewExcel" size="normal" visible="true" tag="LifecycleListF" onAction="ribOpenFormFiltered" supertip="GCF Lifecycle"/> 
                </group> -->

                <group id="ExportGroup" label="Excel">
                    <!-- <control idMso="ImportExcel" label="Import from Excel" enabled="true"/> -->
                    <control idMso="ExportExcel" label="Export to Excel" enabled="true"/>
                </group>


                <!--                 <group id="ProjectByFundGroup" label="Projects by Fund">
                    <button id="ProjectByFundGroup_GCF" label="GCF Projects" image="gcf.bmp" size="large" visible="true" tag="ProjectListF" onAction="ribOpenFormFiltered" supertip="GCF Project List"/>
                    <separator id="separator1" />
                    <button id="ProjectByFundGroup_GEF" label="GEF Projects" image="gef.bmp" size="large" visible="true" tag="ProjectListF" onAction="ribOpenFormFiltered" supertip="GEF Project List"/>
                    <separator id="separator2" />
                    <button id="ProjectByFundGroup_AF" label="AF Projects" image="af.bmp" size="large" visible="true" tag="ProjectListF" onAction="ribOpenFormFiltered" supertip="AF Project List"/>
                </group> -->

                <group id="FormsGroup" label="Forms">
                    <button id="FormNewGCF_2" label="New GCF Project" imageMso="TableOfContentsAddTextGallery" size="large" visible="true" tag="ProjectCardF" onAction="ribNewForm" supertip="GCF"/>
                    <button id="FormNewGCF_3" label="New GEF Project" imageMso="TableOfContentsAddTextGallery" size="large" visible="true" tag="ProjectCardF" onAction="ribNewForm" supertip="GEF"/>
                    <button id="FormNewGCF_4" label="New AF Project" imageMso="TableOfContentsAddTextGallery" size="large" visible="true" tag="ProjectCardF" onAction="ribNewForm" supertip="AF"/>
                </group>

            </tab>

            <tab id="ReportsTab" label="Reports" visible="false">
                <group id="ReportGroup" label="Reports">
                </group>
            </tab>

            <tab id="DashboardsTab" label="Dashboards" visible="false">
                <group id="DashboardGroup" label="Dashboards">
                </group>
            </tab>

            <tab id="LookupsTab" label="Lookups" visible="true">
                <group id="LifecycleGroup" label="Lifecycle List">
                    <button id="LifecycleGroup_GCF_2" label="GCF Lifecycle" image="gcf.bmp" size="large" visible="true" tag="LifecycleListF" onAction="ribOpenFormFiltered" supertip="GCF Lifecycle"/>
                    <separator id="separator3" />
                    <button id="LifecycleGroup_GEF_3" label="GEF Lifecycle" image="gef.bmp" size="large" visible="true" tag="LifecycleListF" onAction="ribOpenFormFiltered" supertip="GEF Lifecycle"/>
                    <separator id="separator4" />
                    <button id="LifecycleGroup_AF_4" label="AF Lifecycle" image="af.bmp" size="large" visible="true" tag="LifecycleListF" onAction="ribOpenFormFiltered" supertip="AF Lifecycle"/>
                </group>

                <group id="LookupGroupGroup" label="Lookups">
                    <button id="List" label="Lists and Items" imageMso="InsertTable" size="large" visible="true" tag="ListF" onAction="ribOpenForm" supertip="Lists"/>
                </group>
            </tab>

            <tab id="SettingsTab" label="Settings" visible="true">

                <group idMso="GroupAccessTools"/>
                <group idMso="GroupSourceControlManage"/>

                <group id="UpdatesGroup" label="Ckeck for Updates …">
                
                    <button id="BackEnd" label="Update Back-End DB" imageMso="EditConnectedSystem" size="large" visible="true" tag="BackEndUpdateF" onAction="ribOpenForm" supertip="Back-End"/>
                    <button id="Currency" label="Update Exchange Rates" imageMso="CalculatedCurrency" size="large" visible="true" tag="CurrencyListF" onAction="ribOpenForm" supertip="Currency Rates"/>
                </group>


                <group id="OSGroup" label="Computer Settings">
                    <button id="OSSettings" label="OS Settings" imageMso="PageSettings" size="large" visible="true" tag="MSAccessInformationRefF" onAction="ribOpenForm" supertip="OS Seetings"/>
                </group>



                <group id="UserGroup" label="User Info">
                    <labelControl id="UserID" getLabel="GetUserNameRibbon"/>
                </group>

            </tab>

        </tabs>
    </ribbon>
</customUI>